name_en,desc_en,name_ru,desc_ru,name_th,desc_th,name_zh,desc_zh,name_ar,desc_ar,id_external,published,section,price_1,price_1_calorie,price_1_desc_en,price_1_desc_ru,price_1_desc_th,price_1_desc_zh,is_snooze,food_color_code,is_new,is_signature,is_chefs_special,is_must_try,is_best_seller,is_our_favorite,is_healthy,preparation_time,stock
"House Garden Salad","Market medley salad, Green Apple, Feta, Walnut, Vinaigrette Dressing.","Садовый салат","Салат из свежих овощей, зелёное яблоко, фета, грецкий орех, заправка винегрет.","สลัดผักสวนครัว","สลัดผักรวม แอปเปิลเขียว ชีสเฟต้า วอลนัท ราดน้ำสลัดวิเนเกรต","田园沙拉","时令蔬菜沙拉，青苹果、菲达奶酪、核桃，油醋汁。","سلطة الحديقة","سلطة خضار موسمية مع التفاح الأخضر وجبنة الفيتا والجوز وصلصة الفينيغريت.","","Yes","Healthy Choices","280","","","","","","","","","","","","","","Yes","",""
"Poke Bowl","Fresh Salmon, Avocado, Cucumber, Carrot, Wakame, Sushi Rice.","Поке боул","Свежий лосось, авокадо, огурец, морковь, вакамэ, рис для суши.","โพเกโบวล์","แซลมอนสด อะโวคาโด แตงกวา แครอท สาหร่ายวากาเมะ ข้าวซูชิ","波奇饭","新鲜三文鱼、牛油果、黄瓜、胡萝卜、裙带菜、寿司饭。","بوكي بول","سلمون طازج، أفوكادو، خيار، جزر، أعشاب واكامي، أرز سوشي.","","Yes","Healthy Choices","380","","","","","","","","","","","","","","Yes","",""
"Marisa Caesar Salad (Chicken)","Lightly Hydroponic Romaine Cos, Free range egg onsen, Parmesan, Caesar Dressing.","Салат Цезарь с курицей","Гидропонный романо, яйцо онсэн, пармезан, соус Цезарь, с курицей.","ซีซาร์สลัดมาริสา (ไก่)","ผักคอสไฮโดรโปนิกส์ ไข่ออนเซ็น พาร์เมซาน น้ำสลัดซีซาร์","玛丽莎凯撒沙拉(鸡肉)","水培罗马生菜、温泉蛋、帕玛森芝士、凯撒酱，配鸡肉。","سلطة سيزر بالدجاج","خس روماني مائي، بيض أونسن، جبن بارميزان، صلصة سيزر، مع الدجاج.","","Yes","Healthy Choices","320","","","","","","","","","","","","","","Yes","",""
"Marisa Caesar Salad (Prawns)","Lightly Hydroponic Romaine Cos, Free range egg onsen, Parmesan, Caesar Dressing.","Салат Цезарь с креветками","Гидропонный романо, яйцо онсэн, пармезан, соус Цезарь, с креветками.","ซีซาร์สลัดมาริสา (กุ้ง)","ผักคอสไฮโดรโปนิกส์ ไข่ออนเซ็น พาร์เมซาน น้ำสลัดซีซาร์","玛丽莎凯撒沙拉(虾)","水培罗马生菜、温泉蛋、帕玛森芝士、凯撒酱，配虾。","سلطة سيزر بالروبيان","خس روماني مائي، بيض أونسن، جبن بارميزان، صلصة سيزر، مع الروبيان.","","Yes","Healthy Choices","370","","","","","","","","","","","","","","Yes","",""
"Mixed Thai Appetizer","Vegetables spring rolls, Chicken wrapped with pandan leaves, Prawn Golden bag, Sweet chili sauce.","Тайское ассорти закусок","Овощные спринг-роллы, курица в листьях пандана, креветочные мешочки, сладкий чили соус.","ออร์เดิร์ฟไทยรวม","ปอเปี๊ยะผัก ไก่ห่อใบเตย ถุงทองกุ้ง เสิร์ฟพร้อมน้ำจิ้มหวาน","泰式拼盘","蔬菜春卷、香兰叶包鸡、黄金虾包，配甜辣酱。","مقبلات تايلاندية مشكلة","سبرينغ رول بالخضار، دجاج ملفوف بأوراق الباندان، أكياس الروبيان الذهبية، مع صلصة الفلفل الحلو.","","Yes","Warm Appetizers","330","","","","","","","","","Yes","","","","","","",""
"Por Pia","Vegetables Spring Rolls served with dipping sauce.","Спринг-роллы","Овощные спринг-роллы с соусом для макания.","ปอเปี๊ยะทอด","ปอเปี๊ยะผักทอด เสิร์ฟพร้อมน้ำจิ้ม","炸春卷","炸蔬菜春卷，配蘸酱。","سبرينغ رول بالخضار","سبرينغ رول بالخضار يقدم مع صلصة الغمس.","","Yes","Warm Appetizers","275","","","","","","","","","","","","","","","",""
"Mixed Satay","Marinated Chicken and Beef Satay served with Peanut Sauce.","Сатай ассорти","Маринованные куриный и говяжий сатай с арахисовым соусом.","สะเต๊ะรวม","สะเต๊ะไก่และเนื้อ เสิร์ฟพร้อมน้ำจิ้มถั่ว","沙爹拼盘","腌制鸡肉与牛肉沙爹，配花生酱。","ساتيه مشكل","ساتيه الدجاج ولحم البقر المتبل مع صلصة الفول السوداني.","","Yes","Warm Appetizers","330","","","","","","","","","","","","","","","",""
"Peek Gai Thod Samoonprai","Windsong's Famous Crispy Chicken Wings Infused with Lemongrass & Chili.","Куриные крылышки с травами","Хрустящие куриные крылышки с лемонграссом и чили.","ปีกไก่ทอดสมุนไพร","ปีกไก่ทอดกรอบสมุนไพร ตะไคร้และพริก","香草炸鸡翅","香茅辣椒风味香脆炸鸡翅。","أجنحة دجاج بالأعشاب","أجنحة دجاج مقرمشة بنكهة عشبة الليمون والفلفل الحار.","","Yes","Warm Appetizers","285","","","","","","","","","","","","","","","",""
"Fish and Chips","Sea bass with Wedge Potatoes and Tartar sauce.","Фиш энд чипс","Сибас с картофелем по-деревенски и соусом тартар.","ฟิชแอนด์ชิปส์","ปลากะพงทอด เสิร์ฟพร้อมมันฝรั่งและซอสทาร์ทาร์","炸鱼薯条","炸鲈鱼柳配角切薯块与塔塔酱。","سمك وبطاطس","سمك القاروص مع أصابع البطاطس وصلصة التارتار.","","Yes","Warm Appetizers","350","","","","","","","","","","","","","","","",""
"Yam Woonsen Talay","Glass Noodle Salad, Squid, Shrimp, Shallot & Chili with local Citrus Dressing.","Салат с фунчозой и морепродуктами","Салат с фунчозой, кальмаром, креветками, шалотом и чили в цитрусовой заправке.","ยำวุ้นเส้นทะเล","วุ้นเส้น ปลาหมึก กุ้ง หอมแดง พริก ราดน้ำยำรสจัด","海鲜粉丝沙拉","粉丝沙拉，鱿鱼、虾、红葱、辣椒，柑橘酸辣汁。","سلطة الشعيرية بالمأكولات البحرية","سلطة الشعيرية مع الحبار والروبيان والكراث والفلفل الحار وصلصة الحمضيات.","","Yes","Warm Appetizers","350","","","","","","","","","","","","","","","",""
"Tom Yum Goong","Thai Spicy and Sour Soup With Prawns and Mushroom.","Том Ям с креветками","Тайский острый кислый суп с креветками и грибами.","ต้มยำกุ้ง","ต้มยำรสจัดจ้าน กุ้งและเห็ด","冬阴功汤","泰式酸辣汤，配虾与蘑菇。","توم يام بالروبيان","شوربة تايلاندية حارة وحامضة بالروبيان والفطر.","","Yes","Soups","350","","","","","","","","","","","","","","","",""
"Tom Kha Gai","Chicken in Coconut cream Soup, With Galangal and Mushroom.","Том Кха Гай","Куриный суп на кокосовых сливках с галангалом и грибами.","ต้มข่าไก่","ไก่ในน้ำกะทิ ข่าและเห็ด","椰奶鸡汤","椰奶鸡汤，配南姜与蘑菇。","توم كا غاي","شوربة الدجاج بكريمة جوز الهند مع الخولنجان والفطر.","","Yes","Soups","340","","","","","","","","","","","","","","","",""
"Black Truffle Soup","Wild mushroom, Truffle Paste & Parmesan Bread.","Суп с чёрным трюфелем","Суп из лесных грибов с трюфельной пастой и пармезановым хлебом.","ซุปเห็ดทรัฟเฟิลดำ","ซุปเห็ดป่า ทรัฟเฟิล เสิร์ฟพร้อมขนมปังพาร์เมซาน","黑松露汤","野生蘑菇汤，黑松露酱，配帕玛森面包。","شوربة الكمأة السوداء","شوربة الفطر البري مع معجون الكمأة وخبز البارميزان.","","Yes","Soups","300","","","","","","","","","","","","","","","",""
"New York Strip (Wagyu)","Australian Wagyu beef Striploin with Char-grilled Medley Vegetables, Lyonnaise Potatoes and Green Peppercorn Sauce.","Стриплойн Вагю","Австралийский стриплойн Вагю с овощами гриль, картофелем лионез и соусом из зелёного перца.","สเต๊กนิวยอร์กสตริป (วากิว)","เนื้อวากิวออสเตรเลีย เสิร์ฟพร้อมผักย่างและมันฝรั่ง ราดซอสพริกไทยอ่อน","纽约客牛排(和牛)","澳洲和牛西冷，配炭烤时蔬、里昂式土豆与青胡椒酱。","ستيك نيويورك واغيو","ستريبلوين واغيو أسترالي مع خضار مشوية وبطاطس ليونيز وصلصة الفلفل الأخضر.","","Yes","Flame Grilled","1500","","","","","","","","","Yes","","","","","","",""
"Filet Mignon (Wagyu)","Australian Wagyu beef tenderloin with Char-grilled Medley Vegetables, Lyonnaise potatoes and red wine sauce.","Филе миньон Вагю","Австралийская вырезка Вагю с овощами гриль, картофелем лионез и соусом из красного вина.","ฟิเลมิญอง (วากิว)","เนื้อสันในวากิวออสเตรเลีย ผักย่าง มันฝรั่ง ราดซอสไวน์แดง","菲力牛排(和牛)","澳洲和牛菲力，配炭烤时蔬、里昂式土豆与红酒酱。","فيليه مينيون واغيو","لحم الخاصرة واغيو أسترالي مع خضار مشوية وبطاطس ليونيز وصلصة النبيذ الأحمر.","","Yes","Flame Grilled","1420","","","","","","","","","","","","","","","",""
"Grilled Lamb Chop","Char-grilled Medley Vegetables, Lyonnaise Potatoes, Lamb jus.","Бараньи рёбрышки гриль","Бараньи рёбрышки на гриле с овощами, картофелем лионез и соусом жю.","ซี่โครงแกะย่าง","ซี่โครงแกะย่าง ผักย่าง มันฝรั่ง ราดซอสแกะ","炭烤羊排","炭烤羊排，配时蔬、里昂式土豆与羊肉原汁。","ريش الضأن المشوية","ريش الضأن المشوية مع الخضار وبطاطس ليونيز وصلصة اللحم.","","Yes","Flame Grilled","1150","","","","","","","","","","","","","","","",""
"Organic Pork Chop","Char-grilled Medley Vegetables, Lyonnaise Potatoes, Wild Mushroom sauce.","Свиная отбивная","Органическая свиная отбивная с овощами гриль, картофелем лионез и соусом из лесных грибов.","พอร์คช็อปออร์แกนิก","หมูออร์แกนิกย่าง ผักย่าง มันฝรั่ง ราดซอสเห็ดป่า","有机猪排","有机猪排，配炭烤时蔬、里昂式土豆与野菌酱。","ستيك لحم الخنزير العضوي","ستيك لحم خنزير عضوي مع خضار مشوية وبطاطس ليونيز وصلصة الفطر البري.","","Yes","Flame Grilled","450","","","","","","","","","","","","","","","",""
"Grilled Sea Bass Fillet","Sautéed & Lyonnaise Potatoes, Char-grilled Tomato and Dill Beurre Blanc Sauce.","Сибас на гриле","Филе сибаса с картофелем лионез, томатом гриль и соусом бёр блан с укропом.","ปลากะพงย่าง","ปลากะพงย่าง มันฝรั่ง มะเขือเทศย่าง ราดซอสเนยดิล","炭烤鲈鱼柳","香煎鲈鱼柳，配里昂式土豆、炭烤番茄与莳萝白黄油酱。","فيليه سمك القاروص المشوي","فيليه القاروص مع بطاطس ليونيز وطماطم مشوية وصلصة الزبدة بالشبت.","","Yes","Flame Grilled","570","","","","","","","","","","","","","","","",""
"Roasted Half Baby Chicken","Char-grilled Medley Vegetables, Lyonnaise Potatoes, Tarragon jus.","Половина цыплёнка","Половина цыплёнка с овощами гриль, картофелем лионез и соусом с эстрагоном.","ไก่อบครึ่งตัว","ไก่อ่อนอบครึ่งตัว ผักย่าง มันฝรั่ง ราดซอสทาร์รากอน","烤半只童子鸡","烤半只童子鸡，配炭烤时蔬、里昂式土豆与龙蒿汁。","نصف دجاجة مشوية","نصف دجاجة مشوية مع خضار مشوية وبطاطس ليونيز وصلصة الطرخون.","","Yes","Flame Grilled","450","","","","","","","","","","","","","","","",""
"Thai-Style ""Jaew"" Mixed Grill","Grilled to order and served alongside fragrant garlic fried rice and spicy-sour Thai ""Jaew"" sauce. Choose your main: Striploin Beef / Sea Bass Fillet / Tender Chicken.","Гриль по-тайски с соусом Джэу","Готовится на заказ, подаётся с ароматным чесночным рисом и остро-кислым тайским соусом Джэу. На выбор: стриплойн, филе сибаса или курица.","ย่างจิ้มแจ่ว","เสิร์ฟพร้อมข้าวผัดกระเทียมและน้ำจิ้มแจ่ว เลือกได้: เนื้อสันนอก / ปลากะพง / ไก่","泰式蘸酱烤肉","现点现烤，配蒜香炒饭与泰式酸辣蘸酱。可选主食材：西冷牛排／鲈鱼柳／嫩鸡肉。","مشاوي تايلاندية مع صلصة جايو","يُشوى حسب الطلب ويقدم مع أرز مقلي بالثوم وصلصة جايو التايلاندية الحارة. اختر الطبق الرئيسي: ستريبلوين، فيليه القاروص أو الدجاج.","","Yes","Flame Grilled","390","","","","","","","","","","","","","","","",""
"Bolognese","Pasta with Italian beef and tomatoes ragout.","Болоньезе","Паста с итальянским мясным рагу из говядины и томатов.","สปาเกตตีโบโลเนส","พาสต้าซอสเนื้อสับและมะเขือเทศ","博洛尼亚肉酱面","意式牛肉番茄肉酱意面。","باستا بولونيز","باستا مع صلصة اللحم البقري والطماطم الإيطالية.","","Yes","House Pasta","400","","","","","","","","","","","","","","","",""
"Pasta Pesto alla Genovese","Fettuccine with Basil pesto sauce with prawn.","Паста песто","Феттучине с соусом песто из базилика и креветками.","พาสต้าเพสโต้","เฟตตูชินีซอสเพสโต้ใบโหระพาและกุ้ง","青酱意面","宽扁面配罗勒青酱与鲜虾。","باستا بيستو","فيتوتشيني مع صلصة البيستو بالريحان والروبيان.","","Yes","House Pasta","390","","","","","","","","","","","","","","","",""
"Carbonara","Pasta with Smoked bacon, Parmigiano Reggiano, black pepper.","Карбонара","Паста с копчёным беконом, пармиджано реджано и чёрным перцем.","สปาเกตตีคาโบนารา","พาสต้าเบคอนรมควัน ชีสพาร์มิจาโน พริกไทยดำ","奶油培根意面","烟熏培根、帕玛森芝士与黑胡椒意面。","باستا كاربونارا","باستا مع اللحم المدخن وجبن البارميجانو والفلفل الأسود.","","Yes","House Pasta","390","","","","","","","","","","","","","","","",""
"Pasta Arrabbiata","Penne with Garlic, Chili & Basil, in Tomato Sauce.","Аррабьята","Пенне с чесноком, чили и базиликом в томатном соусе.","พาสต้าอาราเบียต้า","เพนเน่ผัดกระเทียม พริก โหระพา ในซอสมะเขือเทศ","辣茄意面","笔管面配蒜、辣椒、罗勒与番茄酱。","باستا أرابياتا","بيني مع الثوم والفلفل الحار والريحان في صلصة الطماطم.","","Yes","House Pasta","390","","","","","","","","","","","","","","","",""
"Napolitana","Pasta with tomato sauce and fresh basil.","Наполитана","Паста с томатным соусом и свежим базиликом.","พาสต้านาโปลิตานา","พาสต้าซอสมะเขือเทศและใบโหระพาสด","那不勒斯意面","番茄酱与新鲜罗勒意面。","باستا نابوليتانا","باستا بصلصة الطماطم والريحان الطازج.","","Yes","House Pasta","340","","","","","","","","","","","","","","","",""
"Gourmet Burger","Beef Patty in Brioche Bun with Tomato, Onion, Bacon, American Cheese, Fried Egg & French Fries.","Гурмэ бургер","Говяжья котлета в булочке бриошь с томатом, луком, беконом, американским сыром, яичницей и картофелем фри.","เบอร์เกอร์เนื้อกูร์เมต์","เนื้อบดในขนมปังบริยอช มะเขือเทศ หอมใหญ่ เบคอน ชีส ไข่ดาว เสิร์ฟพร้อมเฟรนช์ฟรายส์","招牌汉堡","布里欧修面包夹牛肉饼，配番茄、洋葱、培根、美式芝士、煎蛋与薯条。","برغر جورميه","قرص لحم بقري في خبز البريوش مع الطماطم والبصل واللحم المقدد والجبن والبيض المقلي والبطاطس.","","Yes","Sandwiches & Burgers","490","","","","","","","","","","","","","","","",""
"Club Panini","Toast Sandwich with B.L.T Bacon, Cooked Ham, Cheese & French Fries.","Клаб панини","Тост-сэндвич с беконом, ветчиной, сыром и картофелем фри.","คลับพานีนี","แซนด์วิชเบคอน แฮม ชีส เสิร์ฟพร้อมเฟรนช์ฟรายส์","总汇帕尼尼","烤三明治，培根、火腿与芝士，配薯条。","بانيني كلوب","ساندويتش محمص مع اللحم المقدد والجامبون والجبن والبطاطس المقلية.","","Yes","Sandwiches & Burgers","360","","","","","","","","","","","","","","","",""
"Chicken Panini","Crispy Ciabatta, Grilled Chicken, Tomatoes, Onions, Pesto Mayo & French Fries.","Панини с курицей","Хрустящая чиабатта с куриным гриль, томатом, луком, песто-майонезом и картофелем фри.","พานีนีไก่ย่าง","ขนมปังชาบัตตา ไก่ย่าง มะเขือเทศ หอมใหญ่ เพสโต้มายองเนส เสิร์ฟพร้อมเฟรนช์ฟรายส์","鸡肉帕尼尼","香脆恰巴塔面包夹烤鸡、番茄、洋葱与青酱蛋黄酱，配薯条。","بانيني الدجاج","خبز تشاباتا مقرمش مع الدجاج المشوي والطماطم والبصل ومايونيز البيستو والبطاطس.","","Yes","Sandwiches & Burgers","340","","","","","","","","","","","","","","","",""
"Vegetables Panini","Crispy Ciabatta, Char-grilled Bell Pepper, Onion, Zucchini, Eggplant, Mushroom, Cheese & French Fries.","Панини с овощами","Хрустящая чиабатта с болгарским перцем, луком, цукини, баклажаном, грибами и сыром, с картофелем фри.","พานีนีผักย่าง","ขนมปังชาบัตตา พริกหวาน หอมใหญ่ ซุกกินี มะเขือม่วง เห็ด ชีส เสิร์ฟพร้อมเฟรนช์ฟรายส์","蔬菜帕尼尼","香脆恰巴塔面包夹炭烤彩椒、洋葱、西葫芦、茄子、蘑菇与芝士，配薯条。","بانيني الخضار","خبز تشاباتا مقرمش مع الفلفل والبصل والكوسا والباذنجان والفطر والجبن والبطاطس.","","Yes","Sandwiches & Burgers","310","","","","","","","","","","","","","","","",""
"Stir-fried Rice Noodle with River Prawns","Phad Thai Goong Mae Nam - River prawns, Chan Noodle, Tofu, Bean sprout, Peanut, Tamarind sauce.","Пад Тай с речными креветками","Речные креветки, рисовая лапша Чан, тофу, ростки, арахис и тамариндовый соус.","ผัดไทยกุ้งแม่น้ำ","กุ้งแม่น้ำ เส้นจันท์ เต้าหู้ ถั่วงอก ถั่วลิสง ซอสมะขาม","河虾泰式炒河粉","河虾、尖竹汶河粉、豆腐、豆芽、花生与罗望子酱。","باد تاي بالروبيان النهري","روبيان نهري مع نودلز الأرز والتوفو وبراعم الفاصولياء والفول السوداني وصلصة التمر الهندي.","","Yes","Thai Main Dish","550","","","","","","","","","Yes","","","","","","",""
"Phuket Crabmeat Fried Rice","Khao Phad Phu - Fragrant jasmine rice gently seasoned with garlic and chilies, tossed with scrambled egg, Jumbo Crab meat, and spring onions.","Жареный рис с крабом","Жасминовый рис с чесноком и чили, обжаренный с яйцом, крупным крабовым мясом и зелёным луком.","ข้าวผัดปูภูเก็ต","ข้าวหอมมะลิผัดกระเทียมพริก ไข่ เนื้อปูก้อนโต และต้นหอม","普吉蟹肉炒饭","茉莉香米以蒜与辣椒调味，炒入鸡蛋、大块蟹肉与葱花。","أرز مقلي بلحم السلطعون","أرز الياسمين المتبل بالثوم والفلفل مع البيض ولحم السلطعون والبصل الأخضر.","","Yes","Thai Main Dish","390","","","","","","","","","","","","","","","",""
"Pla Kra Tiam","Deep fried Sea bass with Thai crispy Garlic and Green Mango salad.","Сибас с чесноком","Жареный сибас с хрустящим чесноком и салатом из зелёного манго.","ปลากะพงทอดกระเทียม","ปลากะพงทอดกรอบ กระเทียมเจียว เสิร์ฟพร้อมยำมะม่วง","蒜香炸鲈鱼","酥炸鲈鱼配泰式脆蒜与青芒果沙拉。","سمك مقلي بالثوم","سمك القاروص المقلي مع الثوم المقرمش وسلطة المانجو الأخضر.","","Yes","Thai Main Dish","550","","","","","","","","","","","","","","","",""
"Pla Kapong Neung Manao","Steamed Sea bass with sliced garlic spicy and sour sauce.","Сибас на пару с лаймом","Сибас на пару с чесноком в остро-кислом соусе.","ปลากะพงนึ่งมะนาว","ปลากะพงนึ่ง ราดน้ำจิ้มซีฟู้ดรสเปรี้ยวเผ็ด","清蒸柠檬鲈鱼","清蒸鲈鱼配蒜片酸辣汁。","سمك مطهو بالبخار بالليمون","سمك القاروص المطهو بالبخار مع شرائح الثوم وصلصة حارة وحامضة.","","Yes","Thai Main Dish","550","","","","","","","","","","","","","","","",""
"Kai Phad Med Ma Muang","Crispy Chicken with Cashew nuts, Bell peppers, Mushroom, and Spring onion.","Курица с кешью","Хрустящая курица с кешью, болгарским перцем, грибами и зелёным луком.","ไก่ผัดเม็ดมะม่วงหิมพานต์","ไก่กรอบผัดเม็ดมะม่วง พริกหวาน เห็ด ต้นหอม","腰果鸡丁","香脆鸡肉炒腰果、彩椒、蘑菇与葱段。","دجاج بالكاجو","دجاج مقرمش مع الكاجو والفلفل الحلو والفطر والبصل الأخضر.","","Yes","Thai Main Dish","320","","","","","","","","","","","","","","","",""
"Pla Muek Phad Prik Glua","Wok Fried Calamari with Chili, Garlic, Salt & Pepper.","Кальмары с чили и чесноком","Кальмары вок с чили, чесноком, солью и перцем.","ปลาหมึกผัดพริกเกลือ","ปลาหมึกผัดพริก กระเทียม เกลือและพริกไทย","椒盐鱿鱼","锅炒鱿鱼，辣椒、蒜、盐与胡椒。","حبار مقلي بالفلفل والملح","حبار مقلي بالفلفل الحار والثوم والملح والفلفل الأسود.","","Yes","Thai Main Dish","440","","","","","","","","","","","","","","","",""
"Phad Pak Boong Fai Dang","Stir-Fried Morning Glory With Garlic Chili and Soy Sauce.","Вьюнок водяной вок","Водяной вьюнок вок с чесноком, чили и соевым соусом.","ผัดผักบุ้งไฟแดง","ผักบุ้งผัดกระเทียม พริก และซีอิ๊ว","蒜蓉炒空心菜","蒜蓉辣椒酱油爆炒空心菜。","خضار مقلي بالثوم","خضار مقلي بالثوم والفلفل الحار وصلصة الصويا.","","Yes","Thai Main Dish","250","","","","","","","","","","","","","","","",""
"Khao Phad Rod Fai","Classic Thai Egg Fried Rice With Pork or Chicken, Kale, Tomatoes, Onion.","Тайский жареный рис","Классический тайский жареный рис с яйцом, свининой или курицей, капустой кале, томатом и луком.","ข้าวผัดรถไฟ","ข้าวผัดไข่ใส่หมูหรือไก่ คะน้า มะเขือเทศ หอมใหญ่","泰式蛋炒饭","经典泰式蛋炒饭，配猪肉或鸡肉、芥蓝、番茄与洋葱。","أرز مقلي تايلاندي","أرز مقلي تايلاندي بالبيض مع لحم الخنزير أو الدجاج والكرنب والطماطم والبصل.","","Yes","Thai Main Dish","280","","","","","","","","","","","","","","","",""
"Massaman Beef","Slow braised Beef in rich Massaman Curry, Potatoes & Crispy Shallot.","Массаман с говядиной","Медленно тушёная говядина в карри Массаман с картофелем и хрустящим шалотом.","แกงมัสมั่นเนื้อ","เนื้อตุ๋นในแกงมัสมั่น มันฝรั่ง และหอมเจียว","玛莎曼牛肉咖喱","慢炖牛肉玛莎曼咖喱，配土豆与香酥红葱。","مسمن لحم البقر","لحم بقري مطهو ببطء في كاري المسمن مع البطاطس والكراث المقرمش.","","Yes","Curry","480","","","","","","","","","","","","","","","",""
"Massaman Chicken","Slow braised Chicken in rich Massaman Curry, Potatoes & Crispy Shallot.","Массаман с курицей","Медленно тушёная курица в карри Массаман с картофелем и хрустящим шалотом.","แกงมัสมั่นไก่","ไก่ตุ๋นในแกงมัสมั่น มันฝรั่ง และหอมเจียว","玛莎曼鸡肉咖喱","慢炖鸡肉玛莎曼咖喱，配土豆与香酥红葱。","مسمن الدجاج","دجاج مطهو ببطء في كاري المسمن مع البطاطس والكراث المقرمش.","","Yes","Curry","400","","","","","","","","","","","","","","","",""
"Chicken Green Curry","Classic Thai Chicken green curry with eggplant and sweet basil.","Зелёный карри с курицей","Классический зелёный карри с курицей, тайскими баклажанами и базиликом.","แกงเขียวหวานไก่","แกงเขียวหวานไก่ มะเขือ และใบโหระพา","青咖喱鸡","经典泰式青咖喱鸡，配泰茄与九层塔。","كاري أخضر بالدجاج","كاري أخضر تايلاندي بالدجاج مع الباذنجان والريحان الحلو.","","Yes","Curry","340","","","","","","","","","","","","","","","",""
"Rad Nah Ruam Mitr","Seafood in Crispy Noodle Gravy with Chinese Kale and Onsen Egg.","Рад На с морепродуктами","Морепродукты в подливе с хрустящей лапшой, китайской капустой и яйцом онсэн.","ราดหน้ารวมมิตร","เส้นกรอบราดหน้าซีฟู้ด คะน้า และไข่ออนเซ็น","什锦烩面","海鲜脆面烩汁，配芥蓝与温泉蛋。","راد نا بالمأكولات البحرية","مأكولات بحرية مع نودلز مقرمشة وصلصة كثيفة والكرنب الصيني وبيض أونسن.","","Yes","One Dish Thai Traditional","380","","","","","","","","","","","","","","","",""
"Phad Se-Ew Chicken / Pork","Stir-Fried Flat Noodle, Kale, Egg, Soy Sauce, With choice of Chicken or Pork.","Пад Сиу с курицей или свининой","Широкая лапша вок с капустой кале, яйцом и соевым соусом, на выбор курица или свинина.","ผัดซีอิ๊ว ไก่ / หมู","เส้นใหญ่ผัดซีอิ๊ว คะน้า ไข่ เลือกไก่หรือหมู","泰式炒河粉(鸡/猪)","酱油炒宽河粉，配芥蓝、鸡蛋，可选鸡肉或猪肉。","باد سي إيو","نودلز عريضة مقلية مع الكرنب والبيض وصلصة الصويا، مع الدجاج أو لحم الخنزير.","","Yes","One Dish Thai Traditional","280","","","","","","","","","","","","","","","",""
"Phad Kra Praw","Stir-Fried minced meat with Holy Basil, Garlic and Chili served with rice.","Пад Кра Пао","Мясной фарш вок со священным базиликом, чесноком и чили, подаётся с рисом.","ผัดกะเพรา","ผัดกะเพรากระเทียมพริก เสิร์ฟพร้อมข้าวสวย","打拋炒饭","打抛叶蒜辣炒肉末，配米饭。","باد كرا باو","لحم مفروم مقلي مع الريحان المقدس والثوم والفلفل الحار يقدم مع الأرز.","","Yes","One Dish Thai Traditional","320","","","","","","","","","","","","","","","",""
"Gaeng Phu Phuket","Phuket Crab Curry - Authentic Southern style Phuket Crab Curry served with Rice Vermicelli.","Крабовый карри по-пхукетски","Аутентичный южный крабовый карри по-пхукетски с рисовой вермишелью.","แกงปูภูเก็ต","แกงปูสูตรใต้ดั้งเดิม เสิร์ฟพร้อมขนมจีน","普吉蟹肉咖喱","正宗南部普吉蟹肉咖喱，配米粉。","كاري السلطعون البوكيتي","كاري السلطعون الجنوبي الأصيل يقدم مع شعيرية الأرز.","","Yes","Phuket Special","550","","","","","","","","","","","","","","","",""
"Khao Phad Sapparod","Pineapple Fried Rice with your choice of Beef, Chicken, Pork, Crispy Pork, Shrimp or Squid.","Жареный рис с ананасом","Жареный рис с ананасом на выбор с говядиной, курицей, свининой, хрустящей свининой, креветками или кальмаром.","ข้าวผัดสับปะรด","ข้าวผัดสับปะรด เลือกเนื้อ ไก่ หมู หมูกรอบ กุ้ง หรือปลาหมึก","菠萝炒饭","菠萝炒饭，可选牛肉、鸡肉、猪肉、脆皮猪、虾或鱿鱼。","أرز مقلي بالأناناس","أرز مقلي بالأناناس مع اختيارك من اللحم أو الدجاج أو لحم الخنزير أو الروبيان أو الحبار.","","Yes","Phuket Special","510","","","","","","","","","","","","","","","",""
"Moo Hong","Phuket Braised Pork Belly - Phuket style braised pork belly in sweet & salty soy sauce.","Тушёная свинина Му Хонг","Свиная грудинка по-пхукетски, тушёная в сладко-солёном соевом соусе.","หมูฮ้อง","หมูสามชั้นตุ๋นสไตล์ภูเก็ต ในซีอิ๊วหวานเค็ม","普吉红烧肉","普吉风味甜咸酱油红烧五花肉。","لحم خنزير مطهو ببطء","لحم بطن الخنزير المطهو على الطريقة البوكيتية بصلصة الصويا الحلوة والمالحة.","","Yes","Phuket Special","380","","","","","","","","","","","","","","","",""
"Mee Sapam Seafood","Stir fried Hokkien-style noodles with seafood and an Onsen egg.","Лапша Ми Сапам с морепродуктами","Лапша по-хоккиенски с морепродуктами и яйцом онсэн.","หมี่สะปำทะเล","หมี่ฮกเกี้ยนผัดซีฟู้ด เสิร์ฟพร้อมไข่ออนเซ็น","沙帕姆海鲜面","福建风味炒面配海鲜与温泉蛋。","نودلز مي سابام بالمأكولات البحرية","نودلز على طريقة هوكين مع المأكولات البحرية وبيض أونسن.","","Yes","Phuket Special","380","","","","","","","","","","","","","","","",""
"Phuket Fish Ball","Phuket style fish ball.","Рыбные шарики по-пхукетски","Рыбные шарики по-пхукетски.","ลูกชิ้นปลาภูเก็ต","ลูกชิ้นปลาสไตล์ภูเก็ต","普吉鱼丸","普吉风味鱼丸。","كرات السمك البوكيتية","كرات السمك على الطريقة البوكيتية.","","Yes","Phuket Special","300","","","","","","","","","","","","","","","",""
"Crème Brûlée","Vanilla Egg Custard served with Salted Caramel Ice Cream.","Крем-брюле","Ванильный крем-брюле с мороженым солёная карамель.","ครีมบรูเล่","คัสตาร์ดวานิลลา เสิร์ฟพร้อมไอศกรีมคาราเมลเกลือ","焦糖布丁","香草蛋奶布丁，配海盐焦糖冰淇淋。","كريم بروليه","كاسترد الفانيليا يقدم مع آيس كريم الكراميل المملح.","","Yes","Sweet Ending (Desserts)","365","","","","","","","","","","","","","","","",""
"Mango Sticky Rice","Ripe Mango, Coconut Sticky Rice, Coconut Sauce, Mung Bean, and Coconut Ice Cream.","Манго с клейким рисом","Спелое манго, кокосовый клейкий рис, кокосовый соус, маш и кокосовое мороженое.","ข้าวเหนียวมะม่วง","มะม่วงสุก ข้าวเหนียวมูน น้ำกะทิ ถั่วเขียว และไอศกรีมกะทิ","芒果糯米饭","熟芒果、椰香糯米、椰浆、绿豆与椰子冰淇淋。","أرز لزج بالمانجو","مانجو ناضجة وأرز لزج بجوز الهند وصلصة جوز الهند والفاصولياء وآيس كريم جوز الهند.","","Yes","Sweet Ending (Desserts)","285","","","","","","","","","Yes","","","","","","",""
"I-Tim Kati","Thai Coconut Ice Cream, Sticky rice, Mango and Peanut.","Кокосовое мороженое","Тайское кокосовое мороженое с клейким рисом, манго и арахисом.","ไอติมกะทิ","ไอศกรีมกะทิ ข้าวเหนียว มะม่วง และถั่วลิสง","椰子冰淇淋","泰式椰子冰淇淋，配糯米、芒果与花生。","آيس كريم جوز الهند","آيس كريم جوز الهند التايلاندي مع الأرز اللزج والمانجو والفول السوداني.","","Yes","Sweet Ending (Desserts)","285","","","","","","","","","","","","","","","",""
"Banana Split","3 scoops of Ice Cream, Banana, Whipping Cream, and Chocolate Sauce.","Банана сплит","Три шарика мороженого, банан, взбитые сливки и шоколадный соус.","บานาน่าสปลิท","ไอศกรีม 3 สกู๊ป กล้วย วิปครีม และซอสช็อกโกแลต","香蕉船","三球冰淇淋、香蕉、鲜奶油与巧克力酱。","بانانا سبليت","ثلاث كرات آيس كريم مع الموز والكريمة المخفوقة وصلصة الشوكولاتة.","","Yes","Sweet Ending (Desserts)","265","","","","","","","","","","","","","","","",""
"Bua Loy Phuak","Thai Taro Ball in Sweet Warm Coconut Milk.","Буа Лой с таро","Шарики из таро в тёплом сладком кокосовом молоке.","บัวลอยเผือก","บัวลอยเผือกในน้ำกะทิอุ่นหวานมัน","芋圆椰奶","温热椰奶芋圆。","بوا لوي بالقلقاس","كرات القلقاس في حليب جوز الهند الدافئ.","","Yes","Sweet Ending (Desserts)","265","","","","","","","","","","","","","","","",""
"Exotic Fruit Platter","Mixed Local Seasonal Fruits.","Фруктовая тарелка","Ассорти местных сезонных фруктов.","ผลไม้รวมตามฤดูกาล","ผลไม้สดตามฤดูกาล","时令水果拼盘","当地时令水果拼盘。","طبق الفواكه","تشكيلة من الفواكه الموسمية المحلية.","","Yes","Sweet Ending (Desserts)","240","","","","","","","","","","","","","","","",""
"Khao Niew Dum","Black Glutinous rice served with Coconut Ice Cream.","Чёрный клейкий рис","Чёрный клейкий рис с кокосовым мороженым.","ข้าวเหนียวดำ","ข้าวเหนียวดำ เสิร์ฟพร้อมไอศกรีมกะทิ","黑糯米甜品","黑糯米配椰子冰淇淋。","أرز أسود لزج","أرز أسود لزج يقدم مع آيس كريم جوز الهند.","","Yes","Sweet Ending (Desserts)","235","","","","","","","","","","","","","","","",""
"Pinocchio's Bacon Cheesy Fries","French fries topped with melted Cheese & crispy Bacon.","Картофель фри с беконом и сыром","Картофель фри с расплавленным сыром и хрустящим беконом.","เฟรนช์ฟรายส์ชีสเบคอน","เฟรนช์ฟรายส์ราดชีสและเบคอนกรอบ","培根芝士薯条","薯条配融化芝士与香脆培根。","بطاطس بالجبن واللحم المقدد","بطاطس مقلية مع الجبن الذائب واللحم المقدد المقرمش.","","Yes","Kids Menu - Appetizer","120","","","","","","","","","","","","","","","",""
"Harry Potter's Cheesy Fries","Classic golden fries with warm Cheese sauce.","Картофель фри с сырным соусом","Классический золотистый картофель фри с тёплым сырным соусом.","เฟรนช์ฟรายส์ชีส","เฟรนช์ฟรายส์ทอดกรอบ เสิร์ฟพร้อมซอสชีส","芝士薯条","经典金黄薯条配温热芝士酱。","بطاطس بصلصة الجبن","بطاطس مقلية ذهبية مع صلصة الجبن الدافئة.","","Yes","Kids Menu - Appetizer","100","","","","","","","","","","","","","","","",""
"Winnie the Pooh's Mushroom Soup","Creamy wild mushroom soup with crispy croutons.","Грибной крем-суп","Крем-суп из лесных грибов с хрустящими крутонами.","ซุปเห็ดครีม","ซุปครีมเห็ดป่า เสิร์ฟพร้อมขนมปังกรอบ","蘑菇奶油汤","野生蘑菇奶油汤配香脆面包丁。","شوربة الفطر","شوربة كريمة الفطر البري مع خبز محمص مقرمش.","","Yes","Kids Menu - Soup","80","","","","","","","","","","","","","","","",""
"Piglet's Chicken Soup","Grilled Chicken Cream Soup with Crispy Crouton.","Куриный крем-суп","Куриный крем-суп с хрустящими крутонами.","ซุปครีมไก่","ซุปครีมไก่ย่าง เสิร์ฟพร้อมขนมปังกรอบ","奶油鸡汤","烤鸡奶油汤配香脆面包丁。","شوربة الدجاج","شوربة كريمة الدجاج المشوي مع خبز محمص مقرمش.","","Yes","Kids Menu - Soup","80","","","","","","","","","","","","","","","",""
"Donald Duck's Chicken Nuggets","Deep fried Chicken Nuggets.","Куриные наггетсы","Куриные наггетсы во фритюре.","นักเก็ตไก่","นักเก็ตไก่ทอด","炸鸡块","香炸鸡块。","قطع الدجاج المقلية","قطع دجاج مقلية.","","Yes","Kids Menu - Main Course","120","","","","","","","","","","","","","","","",""
"Moana's Hawaiian Pizza","Small sized Hawaiian Pizza with ham and juicy pineapple pieces.","Гавайская пицца","Небольшая гавайская пицца с ветчиной и сочным ананасом.","พิซซ่าฮาวายเอี้ยน","พิซซ่าถาดเล็ก แฮมและสับปะรด","夏威夷披萨","小份夏威夷披萨，火腿与多汁菠萝。","بيتزا هاواي","بيتزا هاواي صغيرة مع الجامبون والأناناس.","","Yes","Kids Menu - Main Course","120","","","","","","","","","","","","","","","",""
"Peter Pan's Pizza","Small Margherita pizza.","Пицца Маргарита","Небольшая пицца Маргарита.","พิซซ่ามาร์เกอริต้า","พิซซ่ามาร์เกอริต้าถาดเล็ก","玛格丽特披萨","小份玛格丽特披萨。","بيتزا مارغريتا","بيتزا مارغريتا صغيرة.","","Yes","Kids Menu - Main Course","100","","","","","","","","","","","","","","","",""
"Raya's Dragon Fried Rice","Egg Fried Rice with Chicken Sausage.","Жареный рис с яйцом и колбаской","Жареный рис с яйцом и куриной колбаской.","ข้าวผัดไข่ไส้กรอกไก่","ข้าวผัดไข่ใส่ไส้กรอกไก่","鸡肉香肠蛋炒饭","鸡肉香肠蛋炒饭。","أرز مقلي بالبيض والسجق","أرز مقلي بالبيض مع سجق الدجاج.","","Yes","Kids Menu - Main Course","80","","","","","","","","","","","","","","","",""
"Donald Duck's Grilled Cheese","Grilled Chicken Ham and Cheese Sandwiches.","Горячий сэндвич с сыром","Горячий сэндвич с куриной ветчиной и сыром.","แซนด์วิชแฮมชีสย่าง","แซนด์วิชแฮมไก่และชีสย่าง","烤芝士三明治","烤鸡肉火腿芝士三明治。","ساندويتش الجبن المشوي","ساندويتش مشوي بجامبون الدجاج والجبن.","","Yes","Kids Menu - Main Course","100","","","","","","","","","","","","","","","",""
"Aquaman Fish & Chips","Deep fried Sea bass fillet served with French Fries.","Рыба с картофелем фри","Филе сибаса во фритюре с картофелем фри.","ฟิชแอนด์ชิปส์เด็ก","ปลากะพงทอด เสิร์ฟพร้อมเฟรนช์ฟรายส์","炸鱼薯条","香炸鲈鱼柳配薯条。","سمك وبطاطس","فيليه القاروص المقلي مع البطاطس المقلية.","","Yes","Kids Menu - Main Course","100","","","","","","","","","","","","","","","",""
"The Hulk Smash Burger","Beef patty burger with caramelized onions, cheese, and French fries.","Бургер с говядиной","Бургер с говяжьей котлетой, карамелизированным луком, сыром и картофелем фри.","เบอร์เกอร์เนื้อ","เบอร์เกอร์เนื้อ หอมใหญ่คาราเมล ชีส เสิร์ฟพร้อมเฟรนช์ฟรายส์","牛肉汉堡","牛肉汉堡配焦糖洋葱、芝士与薯条。","برغر لحم البقر","برغر لحم بقري مع البصل المكرمل والجبن والبطاطس المقلية.","","Yes","Kids Menu - Main Course","150","","","","","","","","","","","","","","","",""
"Chicken Little Buffalo Wings","Crispy chicken wings with sweet honey BBQ sauce and vegetable batonnets.","Куриные крылышки барбекю","Хрустящие крылышки с медовым соусом барбекю и овощными палочками.","ปีกไก่ทอดซอสบาร์บีคิว","ปีกไก่ทอดกรอบ ซอสน้ำผึ้งบาร์บีคิว เสิร์ฟพร้อมผักสด","蜂蜜烧烤鸡翅","香脆鸡翅配蜂蜜烧烤酱与鲜蔬条。","أجنحة دجاج بالباربكيو","أجنحة دجاج مقرمشة مع صلصة الباربكيو بالعسل وأصابع الخضار.","","Yes","Kids Menu - Main Course","150","","","","","","","","","","","","","","","",""
"Mulan and Mushu Crispy Roll","Deep fried Crispy spring roll with ripe papaya and plum sauce.","Хрустящие спринг-роллы","Хрустящие спринг-роллы со спелой папайей и сливовым соусом.","ปอเปี๊ยะทอดกรอบ","ปอเปี๊ยะทอดกรอบ เสิร์ฟพร้อมซอสบ๊วย","香脆春卷","香脆炸春卷，配熟木瓜与梅子酱。","سبرينغ رول مقرمش","سبرينغ رول مقرمش مع البابايا الناضجة وصلصة البرقوق.","","Yes","Kids Menu - Main Course","100","","","","","","","","","","","","","","","",""
"Spider Man's Spaghetti Web","Pasta with your choice of Tomato or Bolognese sauce served with Garlic Bread.","Спагетти","Паста на выбор с томатным или болоньезе соусом, подаётся с чесночным хлебом.","สปาเกตตีจานเล็ก","สปาเกตตีซอสมะเขือเทศหรือโบโลเนส เสิร์ฟพร้อมขนมปังกระเทียม","意大利面","意面可选番茄酱或肉酱，配蒜香面包。","سباغيتي","باستا مع صلصة الطماطم أو البولونيز تقدم مع خبز الثوم.","","Yes","Kids Menu - Main Course","100","","Tomato 100.- / Bolognese 150.-","","","","","","","Yes","","","","","","",""
"Elsa Frozen Ice Cream","A scoop of vanilla, chocolate, or strawberry ice cream topped with mixed fruits and cookies.","Мороженое","Шарик ванильного, шоколадного или клубничного мороженого с фруктами и печеньем.","ไอศกรีม","ไอศกรีมวานิลลา ช็อกโกแลต หรือสตรอว์เบอร์รี ท็อปด้วยผลไม้และคุกกี้","冰淇淋","一球香草、巧克力或草莓冰淇淋，配什锦水果与曲奇。","آيس كريم","كرة آيس كريم بالفانيليا أو الشوكولاتة أو الفراولة مع الفواكه والبسكويت.","","Yes","Kids Menu - Dessert","120","","","","","","","","","","","","","","","",""
"Chang","","Чанг","","ช้าง","","象牌啤酒","","تشانغ","","","Yes","Beers","180","","","","","","","","","","","","","","","",""
"Singha","","Сингха","","สิงห์","","胜狮啤酒","","سينغها","","","Yes","Beers","180","","","","","","","","","","","","","","","",""
"Heineken","","Хайнекен","","ไฮเนเก้น","","喜力啤酒","","هاينكن","","","Yes","Beers","180","","","","","","","","","","","","","","","",""
"Corona","","Корона","","โคโรน่า","","科罗娜啤酒","","كورونا","","","Yes","Beers","320","","","","","","","","","","","","","","","",""
"Watermelon","","Арбузный","","น้ำแตงโม","","西瓜汁","","البطيخ","","","Yes","Fresh Cold Pressed Juice","200","","","","","","","","","","","","","","","",""
"Carrot","","Морковный","","น้ำแครอท","","胡萝卜汁","","الجزر","","","Yes","Fresh Cold Pressed Juice","200","","","","","","","","","","","","","","","",""
"Orange","","Апельсиновый","","น้ำส้ม","","橙汁","","البرتقال","","","Yes","Fresh Cold Pressed Juice","200","","","","","","","","","","","","","","","",""
"Pineapple","","Ананасовый","","น้ำสับปะรด","","菠萝汁","","الأناناس","","","Yes","Fresh Cold Pressed Juice","200","","","","","","","","","","","","","","","",""
"Coconut Organic","","Кокосовая вода","","น้ำมะพร้าวออร์แกนิก","","有机椰子水","","ماء جوز الهند","","","Yes","Fruit Juices","190","","","","","","","","Yes","","","","","","",""
"Sprite BTL","","Спрайт","","สไปรท์ (ขวด)","","雪碧","","سبرايت","","","Yes","Soft Drinks","120","","","","","","","","","","","","","","","",""
"Coke BTL","","Кока-кола","","โค้ก (ขวด)","","可口可乐","","كوكاكولا","","","Yes","Soft Drinks","120","","","","","","","","","","","","","","","",""
"Diet Coke","","Диет Кола","","โค้กไดเอท","","健怡可乐","","كوكاكولا دايت","","","Yes","Soft Drinks","120","","","","","","","","","","","","","","","",""
"Fever-Tree Indian Tonic","","Тоник Fever-Tree","","ฟีเวอร์ทรี อินเดียนโทนิค","","汤力水","","فيفر تري تونيك","","","Yes","Soft Drinks","170","","","","","","","","","","","","","","","",""
"Fever-Tree Ginger Ale","","Имбирный эль Fever-Tree","","ฟีเวอร์ทรี จินเจอร์เอล","","姜汁汽水","","فيفر تري جنجر إيل","","","Yes","Soft Drinks","170","","","","","","","","","","","","","","","",""
"S.Pellegrino Sparkling (500ml)","","С.Пеллегрино","","น้ำแร่อัดลม เอส.เพลเลกริโน","","圣培露气泡水","","سان بيليجرينو","","","Yes","Mineral Water","230","","","","","","","","","","","","","","","",""
"Aqua Panna Still (750ml)","","Аква Панна","","น้ำแร่ อควาพันนา","","阿夸帕娜矿泉水","","أكوا بانا","","","Yes","Mineral Water","270","","","","","","","","","","","","","","","",""
"Blue Raspberry","","Голубая малина","","บลูราสเบอร์รี","","蓝莓","","توت أزرق","","","Yes","Blended","220","","","","","","","","","","","","","","","",""
"Watermelon","","Арбуз","","แตงโม","","西瓜","","بطيخ","","","Yes","Blended","220","","","","","","","","","","","","","","","",""
"Passion Fruit","","Маракуйя","","เสาวรส","","百香果","","باشن فروت","","","Yes","Blended","220","","","","","","","","","","","","","","","",""
"Mango","","Манго","","มะม่วง","","芒果","","مانجو","","","Yes","Blended","220","","","","","","","","","","","","","","","",""
"Lemon & Lime","","Лимон и лайм","","เลมอนและมะนาว","","柠檬青柠","","ليمون ولايم","","","Yes","Blended","220","","","","","","","","","","","","","","","",""
"Strawberry","","Клубника","","สตรอว์เบอร์รี","","草莓","","فراولة","","","Yes","Blended","220","","","","","","","","","","","","","","","",""
"Banana Blended","","Банановый шейк","","กล้วยปั่น","","香蕉奶昔","","موز مخفوق","","","Yes","Fruit Shakes Smoothie","180","","","","","","","","","","","","","","","",""
"Pineapple","","Ананасовый шейк","","สับปะรดปั่น","","菠萝奶昔","","أناناس مخفوق","","","Yes","Fruit Shakes Smoothie","180","","","","","","","","","","","","","","","",""
"Mango","","Манговый шейк","","มะม่วงปั่น","","芒果奶昔","","مانجو مخفوق","","","Yes","Fruit Shakes Smoothie","180","","","","","","","","","","","","","","","",""
"Thai Lemonade","","Тайский лимонад","","ไทยเลมอนเนด","","泰式柠檬水","","ليموناضة تايلاندية","","","Yes","Homemade Mocktails","240","","","","","","","","","","","","","","","",""
"Marmalade Splashing","","Мармелад Сплэшинг","","มาร์มาเลด สแปลชชิ่ง","","果酱气泡特饮","","مارميلاد سبلاشينغ","","","Yes","Homemade Mocktails","240","","","","","","","","","","","","","","","",""
"Ginger Refreshing","","Имбирный напиток","","จินเจอร์ รีเฟรชชิ่ง","","生姜特饮","","مشروب الزنجبيل","","","Yes","Homemade Mocktails","240","","","","","","","","","","","","","","","",""
"ANDAMAN Phuket Dark Ale (330 ml.)","British-style Brown Ale, the brewery's inaugural recipe crafted with rare Maris Otter malt. Caramel toffee, light biscuit and subtle floral notes with an espresso finish. Medium-bodied, crisp and refreshing; best served at 10°C.","ANDAMAN Phuket Dark Ale (330 мл)","Браун-эль в британском стиле, первый рецепт пивоварни на редком солоде Maris Otter. Карамельная ириска, лёгкое печенье и цветочные ноты с финишем эспрессо. Среднее тело, свежий вкус; подавать при 10°C.","อันดามัน ภูเก็ต ดาร์กเอล (330 มล.)","บราวน์เอลสไตล์อังกฤษ สูตรแรกของโรงเบียร์ ใช้มอลต์ Maris Otter หายาก กลิ่นคาราเมลทอฟฟี่ บิสกิต และดอกไม้อ่อน ๆ จบด้วยกลิ่นเอสเปรสโซ บอดี้กลาง สดชื่น เสิร์ฟที่ 10°C","安达曼普吉黑啤 (330毫升)","英式棕色艾尔，酒厂首款配方，采用稀有 Maris Otter 麦芽。焦糖太妃、淡饼干与细致花香，尾韵带浓缩咖啡。中等酒体，清爽宜人，建议 10°C 饮用。","أندامان بوكيت دارك إيل (330 مل)","إيل بني على الطريقة البريطانية من أول وصفة للمصنع بشعير ماريس أوتر النادر. كراميل التوفي والبسكويت الخفيف ولمسات زهرية مع نهاية إسبريسو. قوام متوسط ومنعش، يقدم على 10 درجات.","","Yes","Phuket Local Craft Beer","330","","","","","","","","","","","","","","","",""
"BUSSABA Ex-Weisse (330 ml.)","Traditional German Weissbier infused with local Torch Ginger Flower. Ripe tropical fruits, clove notes from German yeast and authentic Thai floral aromas. Bright golden colour with smooth velvety foam and a well-rounded finish.","BUSSABA Ex-Weisse (330 мл)","Традиционное немецкое пшеничное пиво с местным цветком торч-имбиря. Спелые тропические фрукты, гвоздика от немецких дрожжей и тайские цветочные ароматы. Яркий золотистый цвет, бархатистая пена.","บุษบา เอ็กซ์-ไวเซ่ (330 มล.)","ไวเซ่นเบียร์เยอรมันดั้งเดิม ผสมดอกดาหลาท้องถิ่น กลิ่นผลไม้เมืองร้อนสุก กานพลูจากยีสต์เยอรมัน และกลิ่นดอกไม้ไทยแท้ สีทองสดใส ฟองนุ่มละมุน","布萨巴小麦白啤 (330毫升)","传统德式小麦白啤，融入本地火炬姜花。成熟热带水果、德国酵母带来的丁香气息与泰式花香。明亮金黄色，绵密顺滑泡沫，收尾圆润。","بوسابا إكس-فايسه (330 مل)","بيرة قمح ألمانية تقليدية منقوعة بزهرة الزنجبيل المحلية. فواكه استوائية ناضجة ولمسات القرنفل مع روائح زهرية تايلاندية. لون ذهبي زاهٍ ورغوة ناعمة.","","Yes","Phuket Local Craft Beer","330","","","","","","","","","","","","","","","",""
"SAY PLAY Cold IPA - Low Calories (490 ml.)","Low-calorie Cold IPA, highly crushable and perfect for parties. Passion fruit combined with sweet Thai pineapple for a unique tropical punch. Clean golden colour, light body, subtle bitterness and a crisp finish.","SAY PLAY Cold IPA — низкокалорийный (490 мл)","Низкокалорийный Cold IPA, лёгкий и идеальный для вечеринок. Маракуйя со сладким тайским ананасом. Чистый золотистый цвет, лёгкое тело, мягкая горечь.","เซย์เพลย์ โคลด์ไอพีเอ แคลอรีต่ำ (490 มล.)","โคลด์ไอพีเอแคลอรีต่ำ ดื่มง่าย เหมาะกับปาร์ตี้ กลิ่นเสาวรสผสมสับปะรดไทยหวาน สีทองใส บอดี้เบา ขมเล็กน้อย จบสะอาด","SAY PLAY 冷泡IPA 低卡 (490毫升)","低卡冷泡IPA，顺口易饮，派对首选。百香果结合泰国甜菠萝，热带风味独特。金黄清澈，酒体轻盈，微苦爽脆。","ساي بلاي كولد آي بي إيه قليل السعرات (490 مل)","آي بي إيه بارد قليل السعرات، سهل الشرب ومثالي للحفلات. باشن فروت مع الأناناس التايلاندي الحلو. لون ذهبي صافٍ وقوام خفيف ومرارة لطيفة.","","Yes","Phuket Local Craft Beer","330","","","","","","","","","","","","","","","",""
"SUMMERLAY Fruit Ale - Mangomelo (490 ml.)","Refreshing fruited Wheat Ale designed for sandy beaches and summer vibes. A tropical blend of ripe mango, Thai pomelo, pink guava and passion fruit. Bright and sunny with a slight fruity haze, perfectly balanced sweet and tart.","SUMMERLAY Fruit Ale — Mangomelo (490 мл)","Освежающий пшеничный фруктовый эль для пляжа и лета. Тропическая смесь спелого манго, тайского помело, розовой гуавы и маракуйи. Яркий, с лёгкой дымкой, сбалансированно сладко-кислый.","ซัมเมอร์เลย์ ฟรุตเอล แมงโกเมโล (490 มล.)","วีตเอลผลไม้ สดชื่น เหมาะกับทะเลและหน้าร้อน ผสมมะม่วงสุก ส้มโอไทย ฝรั่งชมพู และเสาวรส สีสดใสขุ่นนิด รสหวานอมเปรี้ยวสมดุล","夏日果香小麦艾尔 - 芒果蜜 (490毫升)","清爽果味小麦艾尔，为沙滩与夏日而生。成熟芒果、泰国柚子、粉红番石榴与百香果的热带组合。色泽明亮微浊，酸甜平衡。","سمرلاي فروت إيل — مانجوميلو (490 مل)","إيل قمح بالفواكه منعش مصمم للشواطئ وأجواء الصيف. مزيج استوائي من المانجو الناضجة والبوملي التايلاندي والجوافة الوردية والباشن فروت. متوازن بين الحلاوة والحموضة.","","Yes","Phuket Local Craft Beer","330","","","","","","","","","","","","","","","",""
"Tawandang Rose (490 ml.)","Rosé-style Fruit Beer. Fragrant berry and mixed fruit aromas with a harmonious sweet-and-sour profile. Clear pink hue, easy-drinking and refreshing; great for those who enjoy fruity, casual drinks.","Tawandang Rose (490 мл)","Фруктовое пиво в стиле розе. Ароматы ягод и фруктов с гармоничным кисло-сладким профилем. Прозрачный розовый цвет, лёгкое и освежающее.","ตะวันแดง โรเซ่ (490 มล.)","เบียร์ผลไม้สไตล์โรเซ่ กลิ่นเบอร์รีและผลไม้รวม รสหวานอมเปรี้ยวกลมกล่อม สีชมพูใส ดื่มง่าย สดชื่น","TAWANDANG 玫瑰果啤 (490毫升)","桃红风格果味啤酒。浓郁浆果与综合水果香气，酸甜和谐。粉红清澈，易饮清爽，适合喜爱果味轻松饮品的人。","تاوانداغ روزيه (490 مل)","بيرة فواكه بأسلوب الروزيه. روائح التوت والفواكه المشكلة بتوازن حلو وحامض. لون وردي صافٍ وسهل الشرب ومنعش.","","Yes","Phuket Local Craft Beer","330","","","","","","","","","","","","","","","",""
"Phuket Island Beer (490 ml.)","Island-style Lager. Subtle malt and gentle hop notes featuring the signature craft taste of Phuket. Smooth, clean, golden beer; the ultimate thirst-quencher for beach days and warm weather.","Phuket Island Beer (490 мл)","Лагер в островном стиле. Мягкий солод и деликатный хмель — фирменный крафтовый вкус Пхукета. Гладкое, чистое золотистое пиво, отлично утоляет жажду.","ภูเก็ต ไอส์แลนด์ เบียร์ (490 มล.)","ลาเกอร์สไตล์เกาะ กลิ่นมอลต์และฮอปอ่อน ๆ เอกลักษณ์คราฟต์ภูเก็ต สีทอง ดื่มง่าย สะอาด ดับกระหายในวันอากาศร้อน","普吉岛啤酒 (490毫升)","海岛风格拉格。细腻麦芽与柔和啤酒花，展现普吉精酿标志风味。顺滑洁净金黄色，是海滩与炎热天气的最佳解渴之选。","بيرة جزيرة بوكيت (490 مل)","لاغر بأسلوب الجزيرة. شعير ناعم ولمسات جنجل لطيفة تعكس نكهة بوكيت الحرفية. بيرة ذهبية نظيفة وسلسة تروي العطش في الأجواء الحارة.","","Yes","Phuket Local Craft Beer","330","","","","","","","","","","","","","","","",""
"Martini Dry","","Мартини Драй","","มาร์ตินี่ ดราย","","马天尼干型","","مارتيني دراي","","","Yes","Aperitifs","290","","","","","","","","","","","","","","","",""
"Martini Rosso","","Мартини Россо","","มาร์ตินี่ รอสโซ","","马天尼红型","","مارتيني روسو","","","Yes","Aperitifs","290","","","","","","","","","","","","","","","",""
"Campari","","Кампари","","คัมปารี","","金巴利","","كامباري","","","Yes","Aperitifs","290","","","","","","","","","","","","","","","",""
"Grey Goose","","Грей Гуз","","เกรย์ กูส","","灰雁","","غراي غوس","","","Yes","Vodka","390","","","","","","","","","","","","","","","",""
"Absolut","","Абсолют","","แอบโซลูท","","绝对伏特加","","أبسولوت","","","Yes","Vodka","320","","","","","","","","","","","","","","","",""
"Smirnoff","","Смирнофф","","สเมอร์นอฟ","","斯米诺","","سميرنوف","","","Yes","Vodka","320","","","","","","","","","","","","","","","",""
"Captain Morgan","","Капитан Морган","","กัปตันมอร์แกน","","摩根船长","","كابتن مورغان","","","Yes","Rum","320","","","","","","","","","","","","","","","",""
"Bacardi 8 Years","","Бакарди 8 лет","","บาคาร์ดี้ 8 ปี","","百加得8年","","باكاردي 8 سنوات","","","Yes","Rum","390","","","","","","","","","","","","","","","",""
"Bacardi","","Бакарди","","บาคาร์ดี้","","百加得","","باكاردي","","","Yes","Rum","290","","","","","","","","","","","","","","","",""
"Thai Rum (Sangsom)","","Тайский ром (Сангсом)","","รัมไทย (แสงโสม)","","泰国朗姆(湄公/山som)","","روم تايلاندي (سانغسوم)","","","Yes","Rum","290","","","","","","","","","","","","","","","",""
"Sierra Silver","","Сьерра Сильвер","","เซียร์ร่า ซิลเวอร์","","西拉银龙舌兰","","سييرا سيلفر","","","Yes","Tequila","320","","","","","","","","","","","","","","","",""
"Sierra Gold","","Сьерра Голд","","เซียร์ร่า โกลด์","","西拉金龙舌兰","","سييرا غولد","","","Yes","Tequila","320","","","","","","","","","","","","","","","",""
"Chivas Regal","","Чивас Ригал","","ชีวาส รีกัล","","芝华士","","شيفاز ريغال","","","Yes","Scotch Whiskeys","390","","","","","","","","","","","","","","","",""
"Johnnie Walker Red Label","","Джонни Уокер Ред Лейбл","","จอห์นนี่ วอล์กเกอร์ เรดเลเบิล","","尊尼获加红牌","","جوني ووكر ريد ليبل","","","Yes","Scotch Whiskeys","290","","","","","","","","","","","","","","","",""
"Johnnie Walker Black Label","","Джонни Уокер Блэк Лейбл","","จอห์นนี่ วอล์กเกอร์ แบล็กเลเบิล","","尊尼获加黑牌","","جوني ووكر بلاك ليبل","","","Yes","Scotch Whiskeys","390","","","","","","","","","","","","","","","",""
"Jack Daniel's","","Джек Дэниелс","","แจ็ค แดเนียลส์","","杰克丹尼","","جاك دانيلز","","","Yes","Bourbon & Whiskeys","420","","","","","","","","","","","","","","","",""
"Jim Beam","","Джим Бим","","จิม บีม","","占边","","جيم بيم","","","Yes","Bourbon & Whiskeys","320","","","","","","","","","","","","","","","",""
"Southern Comfort","","Саузерн Комфорт","","เซาเทิร์น คอมฟอร์ต","","南方安逸","","ساذرن كومفورت","","","Yes","Bourbon & Whiskeys","320","","","","","","","","","","","","","","","",""
"Hennessy XO","","Хеннесси XO","","เฮนเนสซี่ XO","","轩尼诗XO","","هينيسي إكس أو","","","Yes","Cognac","3000","","","","","","","","","","","","","","","",""
"Hennessy V.S.O.P","","Хеннесси V.S.O.P","","เฮนเนสซี่ V.S.O.P","","轩尼诗VSOP","","هينيسي في إس أو بي","","","Yes","Cognac","540","","","","","","","","","","","","","","","",""
"Remy Martin V.S.O.P","","Реми Мартан V.S.O.P","","เรมี มาร์แต็ง V.S.O.P","","人头马VSOP","","ريمي مارتان في إس أو بي","","","Yes","Cognac","540","","","","","","","","","","","","","","","",""
"Cointreau","","Куантро","","คอนโทรว์","","君度","","كوانترو","","","Yes","Liqueurs","360","","","","","","","","","","","","","","","",""
"Kahlua","","Калуа","","คาลูอา","","甘露咖啡酒","","كالوا","","","Yes","Liqueurs","360","","","","","","","","","","","","","","","",""
"Baileys","","Бейлис","","เบลีย์ส","","百利甜酒","","بيليز","","","Yes","Liqueurs","360","","","","","","","","","","","","","","","",""
"Luxardo Limoncello","","Люксардо Лимончелло","","ลูซาร์โด ลิมอนเชลโล","","乐扎多柠檬酒","","لوكساردو ليمونتشيلو","","","Yes","Liqueurs","360","","","","","","","","","","","","","","","",""
"Stranger & Sons Gin","From India","Stranger & Sons Gin","Из Индии","สเตรนเจอร์ แอนด์ ซันส์ จิน","จากอินเดีย","Stranger & Sons 金酒","产自印度","سترينجر آند صنز جن","من الهند","","Yes","Premium Gin","495","","","","","","","","","","","","","","","",""
"Hendrick's Gin","From Scotland","Hendrick's Gin","Из Шотландии","เฮนดริกส์ จิน","จากสกอตแลนด์","亨利爵士金酒","产自苏格兰","هندريكس جن","من اسكتلندا","","Yes","Premium Gin","495","","","","","","","","","","","","","","","",""
"Tanqueray Gin","From England","Tanqueray Gin","Из Англии","แทนเคอเรย์ จิน","จากอังกฤษ","添加利金酒","产自英格兰","تانكوراي جن","من إنجلترا","","Yes","Premium Gin","460","","","","","","","","","","","","","","","",""
"Saneha Gin","From Thailand","Saneha Gin","Из Таиланда","เสน่หา จิน","จากประเทศไทย","Saneha 金酒","产自泰国","سانيها جن","من تايلاند","","Yes","Premium Gin","460","","","","","","","","","","","","","","","",""
"Iron Ball Gin","From Thailand","Iron Ball Gin","Из Таиланда","ไอรอนบอล จิน","จากประเทศไทย","Iron Ball 金酒","产自泰国","آيرون بول جن","من تايلاند","","Yes","Premium Gin","495","","","","","","","","","","","","","","","",""
"Bombay Sapphire Gin","From England","Bombay Sapphire Gin","Из Англии","บอมเบย์ แซฟไฟร์ จิน","จากอังกฤษ","孟买蓝宝石金酒","产自英格兰","بومباي سافير جن","من إنجلترا","","Yes","Premium Gin","460","","","","","","","","","","","","","","","",""
"Gordon's Gin","From England","Gordon's Gin","Из Англии","กอร์ดอนส์ จิน","จากอังกฤษ","哥顿金酒","产自英格兰","غوردنز جن","من إنجلترا","","Yes","Premium Gin","440","","","","","","","","","","","","","","","",""
"Mai Tai","White rum, Dark rum, Orange curaçao, Orange juice, Pineapple juice, Lime juice, Grenadine syrup","Май Тай","Белый и тёмный ром, апельсиновый кюрасао, апельсиновый и ананасовый сок, сок лайма, сироп гренадин","ไมไท","ไวท์รัม ดาร์กรัม ออเรนจ์คูราเซา น้ำส้ม น้ำสับปะรด น้ำมะนาว ไซรัปเกรนาดีน","迈泰","白朗姆、黑朗姆、橙皮酒、橙汁、菠萝汁、青柠汁、红石榴糖浆","ماي تاي","روم أبيض وداكن، كوراساو برتقال، عصير برتقال وأناناس، عصير ليمون، شراب الرمان","","Yes","Cocktails","390","","","","","","","","","","","","","","","",""
"Pina Colada","White rum, Coconut liqueur, Pineapple juice, Coconut cream, Simple syrup","Пина Колада","Белый ром, кокосовый ликёр, ананасовый сок, кокосовые сливки, сахарный сироп","ปิญ่า โคลาด้า","ไวท์รัม ลิเคียวมะพร้าว น้ำสับปะรด ครีมมะพร้าว ไซรัป","椰林飘香","白朗姆、椰子利口酒、菠萝汁、椰浆、糖浆","بينا كولادا","روم أبيض، ليكيور جوز الهند، عصير أناناس، كريمة جوز الهند، شراب السكر","","Yes","Cocktails","390","","","","","","","","","","","","","","","",""
"Long Island Iced Tea","Gin, Vodka, White rum, Tequila, Triple sec, Lime juice, Simple syrup, Top Coke","Лонг Айленд Айс Ти","Джин, водка, белый ром, текила, трипл сек, сок лайма, сироп, кола","ลองไอส์แลนด์ ไอซ์ที","จิน วอดก้า ไวท์รัม เตกีล่า ทริปเปิลเซค น้ำมะนาว ไซรัป ท็อปโค้ก","长岛冰茶","金酒、伏特加、白朗姆、龙舌兰、橙皮酒、青柠汁、糖浆、可乐","لونغ آيلاند آيس تي","جن، فودكا، روم أبيض، تكيلا، تريبل سيك، عصير ليمون، شراب السكر، كولا","","Yes","Cocktails","390","","","","","","","","","","","","","","","",""
"Caipiroska","Vodka, Fresh lime, Lime juice, Brown sugar, Simple syrup","Кайпироска","Водка, свежий лайм, сок лайма, тростниковый сахар, сироп","ไคปิรอสก้า","วอดก้า มะนาวสด น้ำมะนาว น้ำตาลทรายแดง ไซรัป","卡琵洛斯卡","伏特加、鲜青柠、青柠汁、黄糖、糖浆","كايبيروسكا","فودكا، ليمون طازج، عصير ليمون، سكر بني، شراب السكر","","Yes","Cocktails","390","","","","","","","","","","","","","","","",""
"Sex on the Beach","Vodka, Peach liqueur, Orange juice, Cranberry juice, Simple syrup, Lime juice","Секс он зе Бич","Водка, персиковый ликёр, апельсиновый и клюквенный сок, сироп, сок лайма","เซ็กซ์ ออน เดอะ บีช","วอดก้า ลิเคียวพีช น้ำส้ม น้ำแครนเบอร์รี ไซรัป น้ำมะนาว","性感沙滩","伏特加、桃子利口酒、橙汁、蔓越莓汁、糖浆、青柠汁","سكس أون ذا بيتش","فودكا، ليكيور الخوخ، عصير برتقال وتوت بري، شراب السكر، عصير ليمون","","Yes","Cocktails","390","","","","","","","","","","","","","","","",""
"Electric Iced Tea","Gin, White rum, Vodka, Tequila, Blue curaçao, Lime juice, Roselle syrup","Электрик Айс Ти","Джин, белый ром, водка, текила, блю кюрасао, сок лайма, сироп розеллы","อิเล็กทริก ไอซ์ที","จิน ไวท์รัม วอดก้า เตกีล่า บลูคูราเซา น้ำมะนาว ไซรัปกระเจี๊ยบ","电光冰茶","金酒、白朗姆、伏特加、龙舌兰、蓝橙酒、青柠汁、洛神花糖浆","إلكتريك آيس تي","جن، روم أبيض، فودكا، تكيلا، بلو كوراساو، عصير ليمون، شراب الكركديه","","Yes","Cocktails","390","","","","","","","","","","","","","","","",""
"Mojito","White rum, Lime juice, Fresh lime, Mint leaf, Brown sugar, Simple syrup, Top Soda","Мохито","Белый ром, сок лайма, свежий лайм, мята, тростниковый сахар, сироп, содовая","โมฮิโต้","ไวท์รัม น้ำมะนาว มะนาวสด ใบมิ้นต์ น้ำตาลทรายแดง ไซรัป ท็อปโซดา","莫吉托","白朗姆、青柠汁、鲜青柠、薄荷叶、黄糖、糖浆、苏打水","موهيتو","روم أبيض، عصير ليمون، ليمون طازج، نعناع، سكر بني، شراب السكر، صودا","","Yes","Cocktails","390","","","","","","","","","","","","","","","",""
"Watermelon Gin","Gin, Lime juice, Mint leaf, Fresh watermelon, Watermelon syrup, Soda","Ватермелон Джин","Джин, сок лайма, мята, свежий арбуз, арбузный сироп, содовая","วอเตอร์เมลอน จิน","จิน น้ำมะนาว ใบมิ้นต์ แตงโมสด ไซรัปแตงโม โซดา","西瓜金酒","金酒、青柠汁、薄荷叶、鲜西瓜、西瓜糖浆、苏打水","ووترميلون جن","جن، عصير ليمون، نعناع، بطيخ طازج، شراب البطيخ، صودا","","Yes","Cocktails","390","","","","","","","","","","","","","","","",""
"Blue Moon","Gin, Blue curaçao, Pineapple juice, Lime juice, Simple syrup","Блю Мун","Джин, блю кюрасао, ананасовый сок, сок лайма, сироп","บลูมูน","จิน บลูคูราเซา น้ำสับปะรด น้ำมะนาว ไซรัป","蓝月亮","金酒、蓝橙酒、菠萝汁、青柠汁、糖浆","بلو مون","جن، بلو كوراساو، عصير أناناس، عصير ليمون، شراب السكر","","Yes","Cocktails","390","","","","","","","","","","","","","","","",""
"Caipirinha","White rum, Lime juice, Fresh lime, Brown sugar, Simple syrup","Кайпиринья","Белый ром, сок лайма, свежий лайм, тростниковый сахар, сироп","ไคปิริญ่า","ไวท์รัม น้ำมะนาว มะนาวสด น้ำตาลทรายแดง ไซรัป","卡琵莉亚","白朗姆、青柠汁、鲜青柠、黄糖、糖浆","كايبيرينيا","روم أبيض، عصير ليمون، ليمون طازج، سكر بني، شراب السكر","","Yes","Cocktails","390","","","","","","","","","","","","","","","",""
"Singapore Sling","Gin, Cherry liqueur, D.O.M. Bénédictine, Pineapple juice, Lime juice, Grenadine syrup, Soda","Сингапур Слинг","Джин, вишнёвый ликёр, Бенедиктин, ананасовый сок, сок лайма, гренадин, содовая","สิงคโปร์ สลิง","จิน ลิเคียวเชอร์รี ดอมเบเนดิกทีน น้ำสับปะรด น้ำมะนาว ไซรัปเกรนาดีน โซดา","新加坡司令","金酒、樱桃利口酒、廊酒、菠萝汁、青柠汁、红石榴糖浆、苏打水","سنغافورة سلينغ","جن، ليكيور الكرز، بينيديكتين، عصير أناناس، عصير ليمون، شراب الرمان، صودا","","Yes","Cocktails","390","","","","","","","","","","","","","","","",""
"Sexy Lady","White rum, Orange juice, Lime juice, Simple syrup","Секси Леди","Белый ром, апельсиновый сок, сок лайма, сироп","เซ็กซี่ เลดี้","ไวท์รัม น้ำส้ม น้ำมะนาว ไซรัป","性感女郎","白朗姆、橙汁、青柠汁、糖浆","سيكسي ليدي","روم أبيض، عصير برتقال، عصير ليمون، شراب السكر","","Yes","Cocktails","390","","","","","","","","","","","","","","","",""
"Daiquiri","White rum, Triple sec, Lime juice, Simple syrup","Дайкири","Белый ром, трипл сек, сок лайма, сироп","ไดกิรี่","ไวท์รัม ทริปเปิลเซค น้ำมะนาว ไซรัป","戴吉利","白朗姆、橙皮酒、青柠汁、糖浆","دايكيري","روم أبيض، تريبل سيك، عصير ليمون، شراب السكر","","Yes","Cocktails","390","","","","","","","","","","","","","","","",""
"Cosmopolitan","Vodka, Triple sec, Cranberry juice, Lime juice","Космополитен","Водка, трипл сек, клюквенный сок, сок лайма","คอสโมโพลิแทน","วอดก้า ทริปเปิลเซค น้ำแครนเบอร์รี น้ำมะนาว","大都会","伏特加、橙皮酒、蔓越莓汁、青柠汁","كوزموبوليتان","فودكا، تريبل سيك، عصير التوت البري، عصير ليمون","","Yes","Cocktails","390","","","","","","","","","","","","","","","",""
"Electric Gatorade","Gin, White rum, Triple sec, Blue curaçao, Lime juice, Simple syrup","Электрик Гаторейд","Джин, белый ром, трипл сек, блю кюрасао, сок лайма, сироп","อิเล็กทริก เกเตอเรด","จิน ไวท์รัม ทริปเปิลเซค บลูคูราเซา น้ำมะนาว ไซรัป","电光佳得乐","金酒、白朗姆、橙皮酒、蓝橙酒、青柠汁、糖浆","إلكتريك غاتوريد","جن، روم أبيض، تريبل سيك، بلو كوراساو، عصير ليمون، شراب السكر","","Yes","Cocktails","390","","","","","","","","","","","","","","","",""
"Margarita","Tequila, Triple sec, Lime juice, Simple syrup","Маргарита","Текила, трипл сек, сок лайма, сироп","มาร์การิต้า","เตกีล่า ทริปเปิลเซค น้ำมะนาว ไซรัป","玛格丽特","龙舌兰、橙皮酒、青柠汁、糖浆","مارغريتا","تكيلا، تريبل سيك، عصير ليمون، شراب السكر","","Yes","Cocktails","390","","","","","","","","","","","","","","","",""
"Aperol Spritz","Aperol, Sparkling Wine, Soda Water","Апероль Шприц","Апероль, игристое вино, содовая","อาเปอรอล สปริตซ์","อาเปอรอล สปาร์กลิงไวน์ โซดา","阿佩罗气泡饮","阿佩罗、气泡酒、苏打水","أبيرول سبريتز","أبيرول، نبيذ فوار، صودا","","Yes","Premium Cocktails","490","","","","","","","","","","","","","","","",""
"Old Fashioned","Bourbon Whiskey, Sugar Cube, Bitter, Orange Twist","Олд Фэшнд","Бурбон, кусочек сахара, биттер, цедра апельсина","โอลด์ แฟชั่น","เบอร์เบินวิสกี้ น้ำตาลก้อน บิตเตอร์ ผิวส้ม","古典鸡尾酒","波本威士忌、方糖、苦精、橙皮","أولد فاشن","ويسكي بوربون، مكعب سكر، بيترز، قشر برتقال","","Yes","Premium Cocktails","490","","","","","","","","","","","","","","","",""
"Negroni","Tanqueray Gin, Campari, Sweet Vermouth","Негрони","Джин Tanqueray, Кампари, сладкий вермут","เนโกรนี","แทนเคอเรย์จิน คัมปารี สวีทเวอร์มุต","尼格罗尼","添加利金酒、金巴利、甜味美思","نيغروني","جن تانكوراي، كامباري، فيرموت حلو","","Yes","Premium Cocktails","490","","","","","","","","","","","","","","","",""
"Classic Martini","Absolut Vodka, Dry Vermouth, Olive or Lemon Twist","Классический Мартини","Водка Absolut, сухой вермут, оливка или цедра лимона","คลาสสิก มาร์ตินี่","แอบโซลูทวอดก้า ดรายเวอร์มุต มะกอกหรือผิวเลมอน","经典马天尼","绝对伏特加、干味美思、橄榄或柠檬皮","مارتيني كلاسيكي","فودكا أبسولوت، فيرموت جاف، زيتون أو قشر ليمون","","Yes","Premium Cocktails","490","","","","","","","","","","","","","","","",""
"Dry Martini","Tanqueray Gin, Dry Vermouth, Olive or Lemon Twist","Драй Мартини","Джин Tanqueray, сухой вермут, оливка или цедра лимона","ดราย มาร์ตินี่","แทนเคอเรย์จิน ดรายเวอร์มุต มะกอกหรือผิวเลมอน","干马天尼","添加利金酒、干味美思、橄榄或柠檬皮","دراي مارتيني","جن تانكوراي، فيرموت جاف، زيتون أو قشر ليمون","","Yes","Premium Cocktails","490","","","","","","","","","","","","","","","",""
"Mimosa","Sparkling Wine, Orange Juice","Мимоза","Игристое вино, апельсиновый сок","มิโมซ่า","สปาร์กลิงไวน์ น้ำส้ม","含羞草","气泡酒、橙汁","ميموزا","نبيذ فوار، عصير برتقال","","Yes","Premium Cocktails","490","","","","","","","","","","","","","","","",""
"Mango Bellini","Sparkling Wine, Mango Puree","Манго Беллини","Игристое вино, пюре манго","แมงโก้ เบลลินี","สปาร์กลิงไวน์ เพียวเร่มะม่วง","芒果贝里尼","气泡酒、芒果泥","مانجو بيليني","نبيذ فوار، مهروس المانجو","","Yes","Premium Cocktails","490","","","","","","","","","","","","","","","",""
"Kir Royale","Sparkling Wine, Crème de Cassis","Кир Рояль","Игристое вино, крем-де-кассис","เคียร์ รอยัล","สปาร์กลิงไวน์ เครมเดอคาสซิส","皇家基尔","气泡酒、黑醋栗利口酒","كير رويال","نبيذ فوار، كريم دو كاسيس","","Yes","Premium Cocktails","490","","","","","","","","","","","","","","","",""
"Black Coffee","","Чёрный кофе","","กาแฟดำ","","黑咖啡","","قهوة سوداء","","","Yes","Hot Coffee","200","","","","","","","","","","","","","","","",""
"Espresso","","Эспрессо","","เอสเปรสโซ","","浓缩咖啡","","إسبريسو","","","Yes","Hot Coffee","200","","","","","","","","","","","","","","","",""
"Americano","","Американо","","อเมริกาโน","","美式咖啡","","أمريكانو","","","Yes","Hot Coffee","200","","","","","","","","","","","","","","","",""
"Cappuccino","","Капучино","","คาปูชิโน","","卡布奇诺","","كابتشينو","","","Yes","Hot Coffee","250","","","","","","","","","","","","","","","",""
"Latte","","Латте","","ลาเต้","","拿铁","","لاتيه","","","Yes","Hot Coffee","250","","","","","","","","","","","","","","","",""
"Mocha","","Мокко","","มอคค่า","","摩卡","","موكا","","","Yes","Hot Coffee","250","","","","","","","","","","","","","","","",""
"Chocolate","","Шоколад","","ช็อกโกแลต","","巧克力","","شوكولاتة","","","Yes","Hot Coffee","250","","","","","","","","","","","","","","","",""
"Iced Black Coffee","","Холодный чёрный кофе","","กาแฟดำเย็น","","冰黑咖啡","","قهوة سوداء مثلجة","","","Yes","Iced Coffee","170","","","","","","","","","","","","","","","",""
"Iced Espresso","","Холодный эспрессо","","เอสเปรสโซเย็น","","冰浓缩咖啡","","إسبريسو مثلج","","","Yes","Iced Coffee","170","","","","","","","","","","","","","","","",""
"Iced Americano","","Холодный американо","","อเมริกาโนเย็น","","冰美式","","أمريكانو مثلج","","","Yes","Iced Coffee","170","","","","","","","","","","","","","","","",""
"Iced Cappuccino","","Холодный капучино","","คาปูชิโนเย็น","","冰卡布奇诺","","كابتشينو مثلج","","","Yes","Iced Coffee","190","","","","","","","","","","","","","","","",""
"Iced Latte","","Холодный латте","","ลาเต้เย็น","","冰拿铁","","لاتيه مثلج","","","Yes","Iced Coffee","230","","","","","","","","","","","","","","","",""
"Iced Mocha","","Холодный мокко","","มอคค่าเย็น","","冰摩卡","","موكا مثلجة","","","Yes","Iced Coffee","230","","","","","","","","","","","","","","","",""
"Iced Chocolate","","Холодный шоколад","","ช็อกโกแลตเย็น","","冰巧克力","","شوكولاتة مثلجة","","","Yes","Iced Coffee","230","","","","","","","","","","","","","","","",""
"English Tea","","Английский чай","","ชาอังกฤษ","","英式红茶","","شاي إنجليزي","","","Yes","Tea","150","","","","","","","","","","","","","","","",""
"Green Tea","","Зелёный чай","","ชาเขียว","","绿茶","","شاي أخضر","","","Yes","Tea","150","","","","","","","","","","","","","","","",""
"Earl Grey Tea","","Эрл Грей","","ชาเอิร์ลเกรย์","","伯爵茶","","شاي إيرل غراي","","","Yes","Tea","150","","","","","","","","","","","","","","","",""
"Mixed Berry Tea","","Ягодный чай","","ชามิกซ์เบอร์รี","","混合莓果茶","","شاي التوت المشكل","","","Yes","Tea","150","","","","","","","","","","","","","","","",""
"Chamomile Tea","","Ромашковый чай","","ชาคาโมมายล์","","洋甘菊茶","","شاي البابونج","","","Yes","Tea","150","","","","","","","","","","","","","","","",""
"Soda","","Содовая","","โซดา","","苏打水","","صودا","","","Yes","Soft Drinks","120","","","","","","","","","","","","","","","",""
"Lipton (Can)","","Липтон (банка)","","ลิปตัน (กระป๋อง)","","立顿(罐装)","","ليبتون (علبة)","","","Yes","Soft Drinks","120","","","","","","","","","","","","","","","",""
"San Pellegrino Premium Italian Tonic","","Сан Пеллегрино тоник","","ซาน เพลเลกริโน โทนิคอิตาลี","","圣培露意大利汤力水","","سان بيليجرينو تونيك إيطالي","","","Yes","Soft Drinks","170","","","","","","","","","","","","","","","",""
"Sai Yok Still (500ml)","","Сай Йок без газа (500 мл)","","ไทรโยค ไม่อัดลม (500 มล.)","","赛约无气矿泉水(500毫升)","","ساي يوك بدون غاز (500 مل)","","","Yes","Mineral Water","150","","","","","","","","","","","","","","","",""
"Sai Yok Still (750ml)","","Сай Йок без газа (750 мл)","","ไทรโยค ไม่อัดลม (750 มล.)","","赛约无气矿泉水(750毫升)","","ساي يوك بدون غاز (750 مل)","","","Yes","Mineral Water","180","","","","","","","","","","","","","","","",""
"Sai Yok Sparkling (500ml)","","Сай Йок с газом (500 мл)","","ไทรโยค อัดลม (500 มล.)","","赛约气泡水(500毫升)","","ساي يوك فوار (500 مل)","","","Yes","Mineral Water","150","","","","","","","","","","","","","","","",""
